method,known_accuracy,unknown_precision,unknown_recall,macro_f1,acc,precision,recall,split
Argmax,0.9714285714285714,0.0,0.0,0.5167493796526055,0.4533333333333333,0.43719806763285024,0.71875,test
MSP,0.9142857142857143,0.7272727272727273,0.2,0.6067647058823529,0.5333333333333333,0.6388034759358289,0.7250000000000001,test
Energy,0.8,0.6956521739130435,0.4,0.6321565407772305,0.5866666666666667,0.6494769532526969,0.66875,test
Mahalanobis,0.9714285714285714,1.0,0.6,0.7902659574468085,0.7733333333333333,0.7881263616557734,0.86875,test
Energy + Mahalanobis,0.9714285714285714,1.0,0.625,0.8009069830878341,0.7866666666666666,0.7945601851851851,0.875,test
